{
  "measurements": [
    {
      "file_name": "workspace",
      "traditional_tokens": 2111,
      "sigil_tokens": 590,
      "token_reduction_percent": 72.05116058739934,
      "word_reduction_percent": 73.07351638618246,
      "char_reduction_percent": 71.87756217545778
    },
    {
      "file_name": "aurelia",
      "traditional_tokens": 1062,
      "sigil_tokens": 269,
      "token_reduction_percent": 74.67043314500941,
      "word_reduction_percent": 76.40845070422534,
      "char_reduction_percent": 74.38196142352622
    },
    {
      "file_name": "lamina-llm-serve",
      "traditional_tokens": 868,
      "sigil_tokens": 310,
      "token_reduction_percent": 64.28571428571428,
      "word_reduction_percent": 65.72052401746724,
      "char_reduction_percent": 64.01590457256461
    }
  ],
  "aggregates": {
    "total_files": 3,
    "total_traditional_tokens": 4041,
    "total_sigil_tokens": 1169,
    "average_token_reduction_percent": 71.07151695124969,
    "average_word_reduction_percent": 72.38979118329468,
    "average_char_reduction_percent": 70.84254833416566,
    "total_tokens_saved": 2872
  }
}